{
  "id": "2127619",
  "name": "jianshu",
  "font_family": "iconfont",
  "css_prefix_text": "icon",
  "description": "",
  "glyphs": [
    {
      "icon_id": "1621077",
      "name": "Aa",
      "font_class": "Aa",
      "unicode": "e636",
      "unicode_decimal": 58934
    },
    {
      "icon_id": "6486534",
      "name": "放大镜",
      "font_class": "fangdajing",
      "unicode": "e60c",
      "unicode_decimal": 58892
    },
    {
      "icon_id": "12592147",
      "name": "羽毛笔",
      "font_class": "yumaobi",
      "unicode": "e6e5",
      "unicode_decimal": 59109
    }
  ]
}
